City_ID,City,Country,Date,Lat,Lng,Max Temp,Humidity,Cloudiness,Wind Speed
0,Portsmouth,GB,2020-06-27 19:08:42,50.8,-1.09,61.0,82,88,7.0
1,Erzin,TR,2020-06-27 19:10:28,36.96,36.2,77.0,89,0,0.87
2,Carutapera,BR,2020-06-27 19:10:29,-1.2,-46.02,80.44,89,23,6.58
3,Port Hawkesbury,CA,2020-06-27 19:05:39,45.62,-61.35,77.0,69,1,12.75
4,Half Moon Bay,US,2020-06-27 19:07:50,37.46,-122.43,73.99,72,20,6.93
5,Hermanus,ZA,2020-06-27 19:07:21,-34.42,19.23,55.99,82,76,3.0
6,Paciran,ID,2020-06-27 19:10:30,-6.88,112.38,76.5,83,63,6.04
7,Rikitea,PF,2020-06-27 19:10:30,-23.12,-134.97,71.91,70,10,14.99
8,Kaitangata,NZ,2020-06-27 19:07:25,-46.28,169.85,50.0,92,100,4.0
9,Busselton,AU,2020-06-27 19:07:19,-33.65,115.33,61.0,73,100,23.87
10,Tuktoyaktuk,CA,2020-06-27 19:10:31,69.45,-133.04,37.4,93,90,24.16
11,Ushuaia,AR,2020-06-27 19:10:31,-54.8,-68.3,37.4,64,75,19.46
12,Bethel,US,2020-06-27 19:10:31,41.37,-73.41,69.01,94,90,3.36
13,Port Alfred,ZA,2020-06-27 19:07:22,-33.59,26.89,66.88,39,92,24.47
14,Avarua,CK,2020-06-27 19:10:31,-21.21,-159.78,71.6,64,100,10.29
15,Saint-Philippe,RE,2020-06-27 19:07:20,-21.36,55.77,69.8,77,20,4.7
16,Victoria,HK,2020-06-27 19:10:08,22.29,114.16,84.0,74,89,5.99
17,Sao Felix Do Xingu,BR,2020-06-27 19:10:32,-6.64,-51.99,88.27,48,28,4.16
18,Taoudenni,ML,2020-06-27 19:10:32,22.68,-3.98,107.37,6,0,10.74
19,Cislau,RO,2020-06-27 19:10:33,45.25,26.37,80.6,44,40,4.7
20,Salalah,OM,2020-06-27 19:10:33,17.02,54.09,84.2,83,75,9.17
21,Atuona,PF,2020-06-27 19:10:33,-9.8,-139.03,79.74,74,0,13.04
22,Biltine,TD,2020-06-27 19:10:33,14.53,20.92,89.06,35,99,10.18
23,Tocopilla,CL,2020-06-27 19:10:33,-22.09,-70.2,66.7,51,11,5.64
24,Thompson,CA,2020-06-27 19:10:34,55.74,-97.86,71.6,56,90,5.82
25,Itapirapua,BR,2020-06-27 19:10:34,-15.82,-50.61,88.09,30,5,4.14
26,Pevek,RU,2020-06-27 19:10:34,69.7,170.31,32.49,97,57,19.71
27,Bluff,NZ,2020-06-27 19:10:34,-46.6,168.33,39.0,83,100,3.0
28,Bombay,IN,2020-06-27 19:10:15,19.01,72.85,86.0,84,40,5.82
29,Tautira,PF,2020-06-27 19:10:35,-17.73,-149.15,80.6,65,75,1.12
30,Hilo,US,2020-06-27 19:10:35,19.73,-155.09,80.6,65,20,8.05
31,Pierre,US,2020-06-27 19:10:35,44.37,-100.35,90.0,48,75,14.99
32,Shieli,KZ,2020-06-27 19:10:36,44.17,66.75,57.43,40,0,7.34
33,Chokurdakh,RU,2020-06-27 19:10:36,70.63,147.92,52.2,44,100,11.56
34,Kyren,RU,2020-06-27 19:10:36,51.68,102.14,60.55,54,0,3.83
35,East London,ZA,2020-06-27 19:10:37,-33.02,27.91,67.95,29,0,11.45
36,Upernavik,GL,2020-06-27 19:07:30,72.79,-56.15,39.49,82,13,7.07
37,Zaoyang,CN,2020-06-27 19:10:37,32.13,112.75,74.64,95,100,11.86
38,Mataura,NZ,2020-06-27 19:10:37,-46.19,168.86,39.0,83,100,3.0
39,Vostok,RU,2020-06-27 19:07:48,46.49,135.88,49.33,100,100,2.44
40,Viedma,AR,2020-06-27 19:10:38,-40.81,-63.0,47.64,53,81,5.23
41,Fortuna,US,2020-06-27 19:07:51,40.6,-124.16,60.01,100,90,11.41
42,Yumen,CN,2020-06-27 19:10:38,40.28,97.2,61.11,50,0,3.29
43,Ahuimanu,US,2020-06-27 19:10:39,21.44,-157.84,82.4,74,20,8.05
44,La Sarre,CA,2020-06-27 19:10:39,48.8,-79.2,66.52,81,92,2.46
45,Bilma,NE,2020-06-27 19:10:39,18.69,12.92,92.64,10,93,10.71
46,Husavik,IS,2020-06-27 19:10:39,66.04,-17.34,46.4,93,90,4.7
47,Makakilo City,US,2020-06-27 19:07:56,21.35,-158.09,82.0,69,90,4.7
48,Saskylakh,RU,2020-06-27 19:10:40,71.92,114.08,50.92,70,37,7.18
49,Kloulklubed,PW,2020-06-27 19:10:40,7.04,134.26,77.0,94,90,5.82
50,Ngunguru,NZ,2020-06-27 19:10:41,-35.62,174.5,52.0,93,0,4.0
51,Honningsvag,NO,2020-06-27 19:10:41,70.98,25.97,44.89,87,99,15.14
52,Dikson,RU,2020-06-27 19:10:41,73.51,80.55,44.62,82,0,8.41
53,Puerto Ayora,EC,2020-06-27 19:10:41,-0.74,-90.35,80.6,57,51,23.04
54,Georgetown,MY,2020-06-27 19:06:20,5.41,100.34,82.4,94,20,2.71
55,Port Elizabeth,ZA,2020-06-27 19:10:22,-33.92,25.57,59.0,82,100,31.09
56,Hithadhoo,MV,2020-06-27 19:10:42,-0.6,73.08,84.83,73,44,8.19
57,Hambantota,LK,2020-06-27 19:10:42,6.12,81.12,78.8,88,24,5.82
58,Korla,CN,2020-06-27 19:10:42,41.76,86.15,84.0,73,92,3.0
59,Verkhnevilyuysk,RU,2020-06-27 19:10:43,63.45,120.32,64.71,60,93,1.03
60,Portland,US,2020-06-27 19:08:27,45.52,-122.68,68.0,59,75,8.05
61,Kamina,CD,2020-06-27 19:10:43,-8.74,24.99,67.48,46,96,2.57
62,Along,IN,2020-06-27 19:10:43,28.17,94.77,72.7,90,100,1.43
63,Jamestown,US,2020-06-27 19:09:40,42.1,-79.24,73.99,88,90,12.75
64,Hobart,AU,2020-06-27 19:06:25,-42.88,147.33,39.2,93,94,5.82
65,Vaini,TO,2020-06-27 19:10:45,-21.2,-175.2,71.6,100,75,2.24
66,Russell,US,2020-06-27 19:07:33,32.35,-85.2,87.8,58,40,6.93
67,Antigonish,CA,2020-06-27 19:10:45,45.62,-62.0,78.01,70,54,1.99
68,Waitati,NZ,2020-06-27 19:10:46,-45.75,170.57,50.0,96,100,8.01
69,Albany,US,2020-06-27 19:10:22,42.6,-73.97,68.0,90,100,2.19
70,Tateyama,JP,2020-06-27 19:10:46,34.98,139.87,75.2,94,75,9.17
71,Acapulco,MX,2020-06-27 19:07:55,16.86,-99.89,89.6,66,40,6.93
72,Punta Arenas,CL,2020-06-27 19:10:47,-53.15,-70.92,39.2,60,0,12.75
73,Fare,PF,2020-06-27 19:10:47,-16.7,-151.02,77.49,74,100,15.7
74,Langsa,ID,2020-06-27 19:10:48,4.47,97.97,76.68,87,100,1.88
75,Nyagan,RU,2020-06-27 19:10:48,62.14,65.39,47.14,70,40,5.73
76,Cap Malheureux,MU,2020-06-27 19:10:48,-19.98,57.61,73.0,78,5,5.01
77,Lebu,CL,2020-06-27 19:07:25,-37.62,-73.65,53.85,84,100,6.6
78,College,US,2020-06-27 19:10:49,64.86,-147.8,64.0,51,40,5.82
79,Pringsewu,ID,2020-06-27 19:10:49,-5.36,104.97,72.66,94,1,0.56
80,Codrington,AU,2020-06-27 19:10:49,-38.27,141.97,40.48,90,0,7.31
81,Tambilil,PH,2020-06-27 19:10:49,5.96,124.67,76.01,74,35,2.66
82,Bayji,IQ,2020-06-27 19:10:50,34.93,43.49,89.47,13,0,6.6
83,Yellowknife,CA,2020-06-27 19:08:43,62.46,-114.35,71.01,43,75,6.93
84,Guararapes,BR,2020-06-27 19:10:50,-21.26,-50.64,69.12,82,82,4.92
85,Arvika,SE,2020-06-27 19:10:50,59.66,12.59,80.6,39,100,4.7
86,Sisimiut,GL,2020-06-27 19:07:24,66.94,-53.67,43.75,79,62,7.7
87,Balkanabat,TM,2020-06-27 19:10:51,39.51,54.37,80.17,16,100,15.59
88,Kurayoshi,JP,2020-06-27 19:10:51,35.43,133.82,71.6,94,75,5.82
89,Te Anau,NZ,2020-06-27 19:10:52,-45.42,167.72,39.9,87,100,2.66
90,Ponta Delgada,PT,2020-06-27 19:10:52,37.73,-25.67,69.8,83,20,17.22
91,Airai,TL,2020-06-27 19:07:29,-8.93,125.41,55.8,100,86,3.15
92,Castro,BR,2020-06-27 19:07:30,-24.79,-50.01,51.89,94,100,5.75
93,Bathsheba,BB,2020-06-27 19:07:49,13.22,-59.52,87.8,62,20,23.04
94,Beidao,CN,2020-06-27 19:10:53,34.57,105.89,61.75,84,60,2.84
95,Grand Gaube,MU,2020-06-27 19:10:53,-20.01,57.66,73.0,78,5,5.01
96,Khatanga,RU,2020-06-27 19:07:24,71.97,102.5,68.49,46,100,5.77
97,Bengkulu,ID,2020-06-27 19:07:43,-3.8,102.27,77.45,84,100,3.78
98,Multan,PK,2020-06-27 19:10:54,30.2,71.48,96.8,60,40,15.3
99,Ribeira Grande,PT,2020-06-27 19:07:21,38.52,-28.7,69.8,88,40,11.41
100,Shingu,JP,2020-06-27 19:10:54,33.73,135.98,71.49,97,100,2.08
101,Anadyr,RU,2020-06-27 19:10:55,64.75,177.48,37.4,64,40,24.61
102,Kysyl-Syr,RU,2020-06-27 19:10:55,63.9,122.76,67.5,50,100,1.72
103,Tuatapere,NZ,2020-06-27 19:10:55,-46.13,167.68,39.0,83,100,3.0
104,Nehe,CN,2020-06-27 19:10:55,48.48,124.83,60.08,92,100,1.41
105,Montepuez,MZ,2020-06-27 19:08:04,-13.13,39.0,66.45,91,0,5.97
106,Nikolskoye,RU,2020-06-27 19:10:56,59.7,30.79,71.6,49,0,6.71
107,Sfantu Gheorghe,RO,2020-06-27 19:10:56,45.87,25.78,69.01,60,11,3.42
108,Port Lincoln,AU,2020-06-27 19:10:56,-34.73,135.87,52.95,51,0,10.27
109,Benguela,AO,2020-06-27 19:06:45,-12.58,13.41,68.29,83,5,2.44
110,Tiksi,RU,2020-06-27 19:10:57,71.69,128.87,63.61,52,86,8.93
111,Haines Junction,CA,2020-06-27 19:10:57,60.75,-137.51,67.21,27,3,4.5
112,Cape Town,ZA,2020-06-27 19:09:37,-33.93,18.42,61.0,62,40,9.17
113,Barrow,US,2020-06-27 19:10:58,71.29,-156.79,59.0,58,1,14.99
114,Cabo Rojo,PR,2020-06-27 19:10:58,18.09,-67.15,91.99,59,69,7.0
115,Kapaa,US,2020-06-27 19:10:58,22.08,-159.32,82.4,69,20,14.99
116,Ancud,CL,2020-06-27 19:10:59,-41.87,-73.82,48.99,100,90,5.82
117,Sangueya,GN,2020-06-27 19:10:59,10.7,-14.37,80.67,83,100,6.53
118,Linxia,CN,2020-06-27 19:10:59,35.6,103.21,62.01,55,99,2.1
119,Norman Wells,CA,2020-06-27 19:10:59,65.28,-126.83,57.2,58,75,12.75
120,San Patricio,MX,2020-06-27 19:10:59,19.22,-104.7,91.4,59,75,11.41
121,Gerede,TR,2020-06-27 19:11:00,40.8,32.2,53.19,96,0,0.16
122,Cayenne,GF,2020-06-27 19:11:00,4.93,-52.33,89.6,62,42,9.17
123,Krasnoselkup,RU,2020-06-27 19:11:00,65.7,82.47,56.32,65,70,9.26
124,Tasiilaq,GL,2020-06-27 19:11:01,65.61,-37.64,46.4,87,75,2.24
125,Butaritari,KI,2020-06-27 19:11:01,3.07,172.79,82.99,75,5,18.03
126,Dunedin,NZ,2020-06-27 19:07:32,-45.87,170.5,50.0,93,100,6.73
127,Vila Do Maio,CV,2020-06-27 19:11:02,15.13,-23.22,82.4,65,20,19.46
128,Taltal,CL,2020-06-27 19:11:02,-25.4,-70.48,66.94,45,30,4.03
129,Alugan,PH,2020-06-27 19:07:49,12.22,125.48,80.62,80,100,3.09
130,Bredasdorp,ZA,2020-06-27 19:11:02,-34.53,20.04,59.0,67,19,19.46
131,Stornoway,GB,2020-06-27 19:11:03,58.21,-6.39,61.0,87,100,12.75
132,Mar Del Plata,AR,2020-06-27 19:11:03,-38.0,-57.56,46.0,93,90,5.82
133,Motala,SE,2020-06-27 19:11:03,58.54,15.04,77.0,73,100,4.7
134,Santa Cruz,BO,2020-06-27 19:08:07,-17.8,-63.17,62.6,72,90,13.87
135,Caravelas,BR,2020-06-27 19:11:04,-17.71,-39.25,77.74,60,0,7.87
136,Nebolchi,RU,2020-06-27 19:11:04,59.12,33.35,64.0,85,14,3.91
137,Kruisfontein,ZA,2020-06-27 19:11:04,-34.0,24.73,55.62,82,100,25.9
138,Menongue,AO,2020-06-27 19:11:04,-14.66,17.69,56.17,37,0,2.82
139,Madang,PG,2020-06-27 19:11:05,-5.22,145.8,77.86,86,15,1.92
140,Bambous Virieux,MU,2020-06-27 19:11:05,-20.34,57.76,73.0,83,75,11.41
141,Pontes E Lacerda,BR,2020-06-27 19:11:05,-15.23,-59.34,80.13,57,72,6.8
142,Porto Novo,BJ,2020-06-27 19:10:59,6.5,2.6,80.6,83,40,14.99
143,Provideniya,RU,2020-06-27 19:11:06,64.38,-173.3,36.88,91,100,6.24
144,Tadine,NC,2020-06-27 19:11:06,-21.55,167.88,67.62,69,17,10.36
145,Torbay,CA,2020-06-27 19:11:07,47.67,-52.73,57.0,93,90,6.93
146,Geraldton,AU,2020-06-27 19:11:07,-28.77,114.6,62.6,82,75,8.05
147,Nantucket,US,2020-06-27 19:11:07,41.28,-70.1,73.0,83,1,9.17
148,Vaijapur,IN,2020-06-27 19:11:07,19.92,74.73,79.84,78,100,10.07
149,Lavrentiya,RU,2020-06-27 19:11:08,65.58,-171.0,39.0,84,100,10.69
150,Esperance,AU,2020-06-27 19:11:08,-33.87,121.9,51.8,66,75,12.75
151,Faanui,PF,2020-06-27 19:11:08,-16.48,-151.75,76.91,74,94,15.93
152,Hope,US,2020-06-27 19:06:55,33.67,-93.59,90.0,65,0,5.01
153,Geelong,AU,2020-06-27 19:11:09,-38.15,144.36,37.0,87,0,3.36
154,Ust-Tsilma,RU,2020-06-27 19:11:09,65.44,52.15,43.07,87,35,4.68
155,Qaqortoq,GL,2020-06-27 19:11:09,60.72,-46.03,55.4,50,40,8.05
156,Kodiak,US,2020-06-27 19:11:09,57.79,-152.41,51.8,71,1,3.36
157,Bilibino,RU,2020-06-27 19:11:10,68.05,166.44,34.7,78,62,5.82
158,Margate,GB,2020-06-27 19:11:10,51.38,1.39,64.99,77,100,8.01
159,Kavieng,PG,2020-06-27 19:11:10,-2.57,150.8,81.55,79,80,8.05
160,Taksimo,RU,2020-06-27 19:11:11,56.34,114.88,58.37,67,0,1.32
161,Araouane,ML,2020-06-27 19:11:11,18.9,-3.53,104.9,7,0,7.43
162,Mahebourg,MU,2020-06-27 19:11:11,-20.41,57.7,71.6,83,75,11.41
163,Kavaratti,IN,2020-06-27 19:11:11,10.57,72.64,83.82,74,100,18.3
164,Shuyskoye,RU,2020-06-27 19:11:12,59.37,41.03,54.68,72,39,7.14
165,Qaanaaq,GL,2020-06-27 19:11:12,77.48,-69.36,41.16,76,0,2.86
166,Plymouth,US,2020-06-27 19:11:12,41.83,-70.83,79.0,57,90,5.82
167,Nan,TH,2020-06-27 19:11:13,18.83,100.67,72.52,95,98,0.6
168,Goma,CD,2020-06-27 19:11:13,-1.68,29.22,65.37,77,95,2.17
169,Touros,BR,2020-06-27 19:06:34,-5.2,-35.46,82.4,69,40,12.75
170,Komsomolskiy,UZ,2020-06-27 19:07:51,40.43,71.72,68.0,28,40,6.93
171,Cherskiy,RU,2020-06-27 19:11:13,68.75,161.3,36.18,79,0,11.5
172,Khandbari,NP,2020-06-27 19:11:14,27.37,87.2,75.36,71,99,0.65
173,Riyadh,SA,2020-06-27 19:06:37,24.69,46.72,96.8,12,18,4.7
174,Pangnirtung,CA,2020-06-27 19:11:14,66.15,-65.71,42.8,87,40,14.99
175,Pisco,PE,2020-06-27 19:07:52,-13.7,-76.22,64.99,82,90,5.82
176,Port Blair,IN,2020-06-27 19:11:15,11.67,92.75,82.15,80,100,9.15
177,Pilar,BR,2020-06-27 19:11:15,-9.6,-35.96,77.0,88,75,4.7
178,Vila Franca Do Campo,PT,2020-06-27 19:11:15,37.72,-25.43,69.8,83,20,17.22
179,Balkhash,KZ,2020-06-27 19:11:15,46.84,74.98,62.64,42,0,10.56
180,Keffi,NG,2020-06-27 19:11:16,8.85,7.87,76.69,80,62,2.19
181,Domanivka,UA,2020-06-27 19:11:16,47.63,30.99,74.73,60,38,5.08
182,Zeya,RU,2020-06-27 19:11:16,53.75,127.27,60.39,67,86,3.38
183,Leua,SK,2020-06-27 19:11:16,48.22,18.61,73.0,83,15,2.01
184,Svetlogorsk,BY,2020-06-27 19:11:17,52.63,29.73,67.1,81,21,6.46
185,Narsaq,GL,2020-06-27 19:11:17,60.92,-46.05,55.4,50,40,8.05
186,Liverpool,GB,2020-06-27 19:11:18,53.41,-2.98,60.01,77,14,18.34
187,Mitsamiouli,KM,2020-06-27 19:11:18,-11.38,43.28,77.94,78,1,5.03
188,Ouadda,CF,2020-06-27 19:11:18,8.08,22.4,69.22,92,43,2.53
189,Besleney,RU,2020-06-27 19:11:19,44.24,41.74,66.0,2,99,8.01
190,Tilichiki,RU,2020-06-27 19:11:19,60.47,166.1,50.95,68,3,6.85
191,Rubtsovsk,RU,2020-06-27 19:11:19,51.5,81.25,60.73,43,100,13.69
192,Virginia Beach,US,2020-06-27 19:11:19,36.85,-75.98,91.99,43,20,18.34
193,Las Margaritas,MX,2020-06-27 19:11:20,16.32,-91.98,76.44,47,1,10.33
194,Catuday,PH,2020-06-27 19:11:20,16.29,119.81,80.31,79,99,3.69
195,Ayan,RU,2020-06-27 19:11:20,56.45,138.17,44.69,94,100,6.44
196,New Norfolk,AU,2020-06-27 19:11:20,-42.78,147.06,37.99,93,89,2.57
197,Tono,JP,2020-06-27 19:11:21,39.32,141.53,60.55,89,100,1.61
198,Nhulunbuy,AU,2020-06-27 19:11:21,-12.23,136.77,73.4,88,51,6.93
199,Sorong,ID,2020-06-27 19:11:21,-0.88,131.25,78.26,83,100,5.66
200,Mana,GF,2020-06-27 19:11:21,5.66,-53.78,82.96,77,97,8.34
201,Ponta Do Sol,PT,2020-06-27 19:11:22,32.67,-17.1,70.0,69,12,5.01
202,Manoel Urbano,BR,2020-06-27 19:11:22,-8.84,-69.26,85.98,69,88,2.95
203,Machali,CL,2020-06-27 19:11:22,-34.18,-70.67,55.4,66,75,4.7
204,Kizema,RU,2020-06-27 19:11:23,61.11,44.83,48.38,89,0,7.27
205,Jacareacanga,BR,2020-06-27 19:11:23,-6.22,-57.75,94.6,32,0,2.39
206,Mlonggo,ID,2020-06-27 19:11:23,-6.53,110.7,76.32,85,72,4.0
207,Lodwar,KE,2020-06-27 19:08:33,3.12,35.6,88.38,38,6,8.19
208,Kurilsk,RU,2020-06-27 19:11:24,45.23,147.88,47.7,91,100,14.0
209,Ascension,US,2020-06-27 19:11:24,30.22,-90.9,88.0,70,90,4.7
210,Bahia Blanca,AR,2020-06-27 19:11:24,-38.72,-62.27,45.88,61,34,3.44
211,Longyearbyen,SJ,2020-06-27 19:07:48,78.22,15.64,46.4,65,20,5.82
212,Nanortalik,GL,2020-06-27 19:11:25,60.14,-45.24,42.46,87,83,1.48
213,Jalu,LY,2020-06-27 19:11:25,29.03,21.55,83.17,36,0,17.98
214,Saldanha,ZA,2020-06-27 19:11:25,-33.01,17.94,59.0,77,33,5.82
215,Wanxian,CN,2020-06-27 19:11:25,30.8,108.39,76.35,86,100,1.63
216,Saginaw,US,2020-06-27 19:07:30,43.33,-84.03,82.0,65,40,11.41
217,Atasu,KZ,2020-06-27 19:11:26,48.68,71.64,52.47,72,100,11.39
218,Byron Bay,AU,2020-06-27 19:11:26,-28.65,153.62,57.2,93,90,8.05
219,Hofn,IS,2020-06-27 19:11:26,64.25,-15.21,56.61,78,100,13.89
220,Ayni,TJ,2020-06-27 19:11:27,39.39,68.54,56.01,38,13,4.34
221,Sobolevo,RU,2020-06-27 19:11:27,54.43,31.9,66.24,90,30,6.38
222,Toktogul,KG,2020-06-27 19:11:27,41.87,72.94,57.07,62,45,4.36
223,Ekibastuz,KZ,2020-06-27 19:11:27,51.67,75.37,52.5,77,100,25.28
224,Berlevag,NO,2020-06-27 19:11:28,70.86,29.09,44.15,88,100,14.83
225,Athens,GR,2020-06-27 19:10:40,37.98,23.72,79.0,39,0,3.0
226,Beyneu,KZ,2020-06-27 19:11:28,45.32,55.2,71.85,33,0,13.0
227,Chara,RU,2020-06-27 19:11:28,56.91,118.26,55.04,76,8,2.06
228,Dingle,PH,2020-06-27 19:11:29,11.0,122.67,78.04,86,99,2.71
229,Talnakh,RU,2020-06-27 19:11:29,69.49,88.4,57.2,76,9,8.95
230,Codajas,BR,2020-06-27 19:11:29,-3.84,-62.06,94.19,40,4,3.38
231,Leningradskiy,RU,2020-06-27 19:07:39,69.38,178.42,32.11,97,100,18.03
232,Berck,FR,2020-06-27 19:11:30,50.4,1.6,62.6,82,100,10.29
233,Puerto Escondido,MX,2020-06-27 19:11:30,15.85,-97.07,86.0,62,75,8.05
234,Eureka,US,2020-06-27 19:11:30,40.8,-124.16,64.99,100,80,1.99
235,Lorengau,PG,2020-06-27 19:11:30,-2.02,147.27,82.65,78,35,10.07
236,Bom Jesus,BR,2020-06-27 19:11:31,-9.07,-44.36,89.29,35,29,4.5
237,Broome,US,2020-06-27 19:11:31,42.25,-75.83,73.0,83,90,11.41
238,Mehamn,NO,2020-06-27 19:11:31,71.04,27.85,43.99,89,100,14.56
239,Oistins,BB,2020-06-27 19:11:31,13.07,-59.53,87.8,62,20,23.04
240,Dauphin,CA,2020-06-27 19:11:32,51.15,-100.05,87.8,38,1,26.4
241,Oriximina,BR,2020-06-27 19:11:33,-1.77,-55.87,88.21,56,3,5.77
242,Sitka,US,2020-06-27 19:11:34,57.05,-135.33,55.4,82,75,4.7
243,San Mateo Del Mar,MX,2020-06-27 19:11:34,16.2,-95.0,88.48,64,26,18.43
244,Hobyo,SO,2020-06-27 19:11:34,5.35,48.53,79.56,71,100,24.25
245,Chuy,UY,2020-06-27 19:11:35,-33.7,-53.46,53.76,63,98,5.86
246,Lafia,NG,2020-06-27 19:11:35,8.48,8.52,78.87,78,50,2.55
247,Bereda,ES,2020-06-27 19:11:35,43.27,-7.54,68.0,76,53,8.99
248,Waddan,LY,2020-06-27 19:11:35,29.16,16.14,86.77,22,0,9.82
249,Arica,CL,2020-06-27 19:11:35,-18.48,-70.3,64.4,68,1,9.17
250,Zhigansk,RU,2020-06-27 19:11:36,66.77,123.37,64.33,64,11,1.25
251,Kailua,US,2020-06-27 19:08:51,21.4,-157.74,78.8,74,40,8.05
252,Ilulissat,GL,2020-06-27 19:07:35,69.22,-51.1,35.6,93,75,4.7
253,Vikhorevka,RU,2020-06-27 19:11:36,56.12,101.16,60.8,93,53,2.24
254,Matay,EG,2020-06-27 19:11:37,28.42,30.78,84.49,36,0,19.77
255,Poyarkovo,RU,2020-06-27 19:11:37,49.6,128.68,59.72,93,100,5.39
256,Bjornevatn,NO,2020-06-27 19:11:37,69.67,29.98,46.4,75,100,9.17
257,Alofi,NU,2020-06-27 19:11:37,-19.06,-169.92,73.4,88,95,4.7
258,Saryg-Sep,RU,2020-06-27 19:11:37,51.5,95.6,54.48,74,0,3.06
259,High Rock,BS,2020-06-27 19:11:38,26.62,-78.28,87.8,74,20,10.29
260,Kahului,US,2020-06-27 19:11:38,20.89,-156.47,82.4,65,40,13.87
261,Luderitz,NA,2020-06-27 19:11:38,-26.65,15.16,59.0,58,0,14.99
262,Santa Quiteria,BR,2020-06-27 19:11:38,-4.33,-40.16,85.96,56,97,4.56
263,Gambo,CF,2020-06-27 19:11:39,4.65,22.26,70.83,94,97,1.63
264,Severo-Kurilsk,RU,2020-06-27 19:11:39,50.68,156.12,49.14,65,75,10.65
265,Buraydah,SA,2020-06-27 19:11:39,26.33,43.98,98.6,13,97,4.7
266,Cidreira,BR,2020-06-27 19:11:39,-30.18,-50.21,57.13,66,100,6.51
267,Saint Anthony,US,2020-06-27 19:11:39,45.02,-93.22,86.0,37,40,3.36
268,Sao Gabriel Da Cachoeira,BR,2020-06-27 19:11:40,-0.13,-67.09,89.4,55,79,4.59
269,Carnarvon,AU,2020-06-27 19:09:51,-24.87,113.63,66.2,100,90,6.93
270,Rocha,UY,2020-06-27 19:11:40,-34.48,-54.33,51.75,67,20,6.8
271,Katsuura,JP,2020-06-27 19:11:40,35.13,140.3,75.2,94,75,9.17
272,Lafayette,US,2020-06-27 19:11:41,30.23,-92.07,88.0,66,20,8.05
273,Mbuguni,TZ,2020-06-27 19:11:41,-3.57,36.95,69.8,83,20,6.13
274,Leshukonskoye,RU,2020-06-27 19:11:41,64.9,45.76,45.45,89,68,7.99
275,Klaksvik,FO,2020-06-27 19:11:41,62.23,-6.59,62.6,88,100,10.29
276,Alice Springs,AU,2020-06-27 19:11:42,-23.7,133.88,33.8,64,0,6.08
277,Arraial Do Cabo,BR,2020-06-27 19:11:42,-22.97,-42.03,84.2,69,20,20.8
278,Somerset,US,2020-06-27 19:11:42,40.57,-74.55,84.0,65,75,9.17
279,Vrangel,RU,2020-06-27 19:11:42,42.73,133.08,56.03,95,100,3.91
280,Faya,SA,2020-06-27 19:11:42,18.39,42.45,82.4,13,96,11.41
281,Vargashi,RU,2020-06-27 19:11:43,55.36,65.85,46.02,85,3,5.68
282,Port Hedland,AU,2020-06-27 19:11:43,-20.32,118.57,57.2,62,0,6.93
283,Thunder Bay,CA,2020-06-27 19:11:43,48.4,-89.32,80.6,39,20,8.05
284,Camacha,PT,2020-06-27 19:11:43,33.08,-16.33,71.6,83,40,14.99
285,Okhotsk,RU,2020-06-27 19:11:43,59.38,143.3,46.74,86,11,3.71
286,Rochegda,RU,2020-06-27 19:11:44,62.8,43.25,47.64,87,55,7.52
287,Chapais,CA,2020-06-27 19:11:44,49.78,-74.85,68.0,72,75,9.17
288,El Alto,PE,2020-06-27 19:11:44,-4.27,-81.21,77.0,65,51,10.29
289,Mattru,SL,2020-06-27 19:11:45,7.62,-11.83,76.35,92,91,4.45
290,Nadvoitsy,RU,2020-06-27 19:11:45,63.87,34.32,50.14,70,7,5.84
291,Zuwarah,LY,2020-06-27 19:11:45,32.93,12.08,82.78,49,0,14.52
292,Khanu Woralaksaburi,TH,2020-06-27 19:11:45,16.06,99.86,79.65,85,100,3.27
293,Warrnambool,AU,2020-06-27 19:11:46,-38.38,142.48,41.0,92,0,7.47
294,Rossland,CA,2020-06-27 19:11:46,49.08,-117.8,73.99,45,7,7.56
295,Cockburn Town,TC,2020-06-27 19:11:46,21.46,-71.14,86.0,70,40,13.87
296,Leh,IN,2020-06-27 19:07:26,34.17,77.58,59.54,33,0,6.51
297,San Policarpo,PH,2020-06-27 19:11:46,12.18,125.51,81.19,78,100,3.29
298,Anito,PH,2020-06-27 19:11:47,12.45,125.29,78.51,85,100,2.17
299,Witney,GB,2020-06-27 19:11:47,51.78,-1.49,62.6,63,20,10.29
300,Chimbote,PE,2020-06-27 19:09:53,-9.09,-78.58,68.52,69,12,9.8
301,Padang,ID,2020-06-27 19:07:49,-0.95,100.35,78.04,72,99,3.87
302,Provost,CA,2020-06-27 19:11:47,52.35,-110.27,60.91,76,100,7.16
303,Havre-Saint-Pierre,CA,2020-06-27 19:07:34,50.23,-63.6,71.6,64,20,14.99
304,San Felipe,VE,2020-06-27 19:11:48,10.34,-68.74,81.01,81,16,7.23
305,Maicao,CO,2020-06-27 19:11:48,11.38,-72.24,90.73,50,94,18.32
306,Natitingou,BJ,2020-06-27 19:11:48,10.3,1.38,82.4,74,20,4.7
307,Bontang,ID,2020-06-27 19:11:49,0.13,117.5,75.31,89,100,5.82
308,Bourbonnais,US,2020-06-27 19:11:49,41.14,-87.88,84.99,66,90,7.45
309,Gujar Khan,PK,2020-06-27 19:11:49,33.26,73.3,86.0,55,0,6.93
310,Verkhnyaya Inta,RU,2020-06-27 19:11:49,65.98,60.31,43.16,83,99,6.17
311,Fukue,JP,2020-06-27 19:11:49,32.69,128.84,75.88,91,100,12.91
312,Pasighat,IN,2020-06-27 19:11:50,28.07,95.33,75.02,87,100,2.46
313,Tari,NG,2020-06-27 19:11:50,12.41,4.49,94.06,37,100,11.27
314,Tual,ID,2020-06-27 19:11:50,-5.67,132.75,80.26,83,100,24.05
315,Rawson,AR,2020-06-27 19:11:51,-43.3,-65.1,42.08,61,0,4.03
316,Tongling,CN,2020-06-27 19:11:51,30.95,117.78,77.76,91,100,3.06
317,Kediri,ID,2020-06-27 19:11:51,-7.82,112.02,71.74,86,0,5.93
318,Port Macquarie,AU,2020-06-27 19:11:51,-31.43,152.92,45.0,96,19,7.05
319,Lethem,GY,2020-06-27 19:11:52,3.38,-59.8,88.61,59,32,5.59
320,Antofagasta,CL,2020-06-27 19:07:21,-23.65,-70.4,59.0,72,71,9.17
321,Huarmey,PE,2020-06-27 19:11:52,-10.07,-78.15,70.25,64,10,9.17
322,Tupik,RU,2020-06-27 19:11:52,54.43,119.93,50.86,87,0,0.92
323,Tripoli,LY,2020-06-27 19:11:53,32.88,13.19,83.21,46,0,14.45
324,Northam,GB,2020-06-27 19:11:53,51.03,-4.22,57.99,87,36,8.01
325,Penzance,GB,2020-06-27 19:11:53,50.12,-5.54,60.01,77,86,21.92
326,Meylan,FR,2020-06-27 19:11:53,45.22,5.79,78.8,47,4,8.05
327,Lakatoro,VU,2020-06-27 19:11:53,-16.1,167.42,77.0,94,90,6.93
328,Maniitsoq,GL,2020-06-27 19:07:59,65.42,-52.9,40.42,90,98,5.08
329,Wajir,KE,2020-06-27 19:11:54,1.75,40.06,84.2,51,100,22.41
330,Springbok,ZA,2020-06-27 19:11:54,-29.66,17.89,43.97,92,13,5.14
331,Baker City,US,2020-06-27 19:11:54,44.77,-117.83,75.2,36,1,8.05
332,Aklavik,CA,2020-06-27 19:11:54,68.22,-135.01,50.0,43,75,13.87
333,Formosa,AR,2020-06-27 19:11:55,-26.18,-58.18,64.4,39,0,13.87
334,Ajdabiya,LY,2020-06-27 19:07:05,30.76,20.23,76.35,63,0,14.83
335,Naron,ES,2020-06-27 19:11:55,43.52,-8.15,66.0,72,36,8.99
336,Edelira,PY,2020-06-27 19:11:55,-26.75,-55.27,59.68,60,0,4.7
337,Clyde River,CA,2020-06-27 19:11:56,70.47,-68.59,46.4,87,20,5.82
338,Esfarayen,IR,2020-06-27 19:11:56,37.08,57.51,66.2,34,0,6.93
339,Sri Aman,MY,2020-06-27 19:11:56,1.24,111.46,77.0,94,100,3.36
340,Plouzane,FR,2020-06-27 19:11:57,48.38,-4.62,60.8,67,75,19.46
341,Hun,LY,2020-06-27 19:11:57,29.13,15.95,87.19,22,0,10.16
342,Udachnyy,RU,2020-06-27 19:11:57,66.42,112.4,64.4,59,45,4.47
343,Mehran,IR,2020-06-27 19:11:57,33.12,46.16,77.0,11,0,6.93
344,Coahuayana,MX,2020-06-27 19:11:58,18.73,-103.68,80.6,65,40,5.77
345,Galveston,US,2020-06-27 19:11:58,29.37,-94.97,89.01,79,75,13.87
346,Hasaki,JP,2020-06-27 19:07:13,35.73,140.83,72.0,100,75,5.82
347,Mega,ET,2020-06-27 19:11:59,4.05,38.3,60.31,86,8,9.04
348,Enid,US,2020-06-27 19:11:59,36.4,-97.88,93.2,49,40,19.46
349,Champoton,MX,2020-06-27 19:12:00,19.35,-90.72,91.4,52,20,13.87
350,Harper,LR,2020-06-27 19:11:44,4.38,-7.72,76.46,82,100,10.27
351,Isangel,VU,2020-06-27 19:12:00,-19.55,169.27,64.4,88,20,14.07
352,Karia,NG,2020-06-27 19:12:00,11.73,11.16,92.1,31,1,10.47
353,Ankazobe,MG,2020-06-27 19:12:00,-18.32,47.12,53.6,100,20,3.36
354,Iqaluit,CA,2020-06-27 19:12:01,63.75,-68.51,41.0,80,20,12.75
355,Matamoros,MX,2020-06-27 19:12:01,25.53,-103.25,89.6,35,75,9.17
356,Banda Aceh,ID,2020-06-27 19:12:01,5.56,95.32,79.36,75,1,6.62
357,Spring Hill,US,2020-06-27 19:12:02,28.48,-82.53,93.2,41,1,3.36
358,Ararangua,BR,2020-06-27 19:12:02,-28.93,-49.49,54.16,85,100,4.76
359,Tondano,ID,2020-06-27 19:12:02,1.3,124.91,75.2,100,40,2.24
360,Camopi,GF,2020-06-27 19:12:02,3.17,-52.32,81.57,90,16,3.24
361,Ukiah,US,2020-06-27 19:12:03,39.15,-123.21,91.0,44,1,4.7
362,Ryabovo,RU,2020-06-27 19:07:27,59.4,31.13,71.6,49,0,6.71
363,Mount Isa,AU,2020-06-27 19:12:03,-20.73,139.5,53.6,37,0,8.05
364,Aksarka,RU,2020-06-27 19:12:04,66.56,67.8,43.45,76,0,10.63
365,Turukhansk,RU,2020-06-27 19:12:04,65.82,87.98,63.59,79,87,9.08
366,Fujin,CN,2020-06-27 19:12:04,47.26,132.03,57.72,96,100,3.38
367,Loiza,PR,2020-06-27 19:12:04,18.43,-65.88,89.6,70,40,18.34
368,Weatherford,US,2020-06-27 19:09:21,32.76,-97.8,89.01,62,0,8.99
369,San Cristobal,VE,2020-06-27 19:12:05,7.77,-72.22,87.8,58,40,8.05
370,Unguia,CO,2020-06-27 19:12:05,8.04,-77.09,86.0,70,75,10.29
371,Zeljezno Polje,BA,2020-06-27 19:12:05,44.41,17.93,75.2,69,20,2.24
372,Los Llanos De Aridane,ES,2020-06-27 19:07:41,28.66,-17.92,73.4,78,20,17.22
373,Itarema,BR,2020-06-27 19:12:06,-2.92,-39.92,80.22,80,92,13.78
374,Iwanai,JP,2020-06-27 19:12:06,42.97,140.51,60.31,90,100,5.03
375,Hodasz,HU,2020-06-27 19:12:06,47.92,22.2,78.8,78,100,4.7
376,Zemio,CF,2020-06-27 19:12:07,5.03,25.14,66.97,94,91,0.2
377,Asahi,JP,2020-06-27 19:12:07,35.72,140.65,72.0,100,75,3.36
378,Praya,CV,2020-06-27 19:08:43,14.92,-23.51,82.4,65,20,19.46
379,Ladario,BR,2020-06-27 19:12:08,-19.0,-57.6,60.8,77,75,9.17
380,Whitehorse,CA,2020-06-27 19:07:44,60.72,-135.05,62.01,44,20,8.05
381,Xinqing,CN,2020-06-27 19:12:08,48.23,129.5,58.44,95,99,2.08
382,Brae,GB,2020-06-27 19:12:08,60.4,-1.35,57.2,100,100,16.11
383,Chifeng,CN,2020-06-27 19:07:57,42.27,118.96,64.9,55,0,1.77
384,Lusambo,CD,2020-06-27 19:12:09,-4.97,23.45,80.31,46,77,1.45
385,Dukat,RU,2020-06-27 19:12:09,62.55,155.55,62.19,46,0,4.36
386,Asau,RO,2020-06-27 19:12:09,46.43,26.4,66.0,76,0,4.52
387,Ponerihouen,NC,2020-06-27 19:12:09,-21.08,165.4,63.66,74,0,4.65
388,Souillac,MU,2020-06-27 19:07:33,-20.52,57.52,71.6,83,75,11.41
389,Waipawa,NZ,2020-06-27 19:08:10,-41.41,175.52,54.0,93,79,5.82
390,Horqueta,PY,2020-06-27 19:12:10,-23.34,-57.06,67.19,41,0,6.11
391,Umaria,IN,2020-06-27 19:12:10,23.53,80.83,79.2,77,100,6.15
392,Ust-Ilimsk,RU,2020-06-27 19:12:11,58.0,102.66,62.22,63,0,4.34
393,Vicente Guerrero,MX,2020-06-27 19:12:11,19.12,-98.17,73.4,31,75,2.24
394,Praia,CV,2020-06-27 19:12:11,14.92,-23.51,82.4,65,20,19.46
395,Svetlyy,RU,2020-06-27 19:12:11,54.67,20.13,68.0,88,75,2.24
396,Bowen,AU,2020-06-27 19:12:12,-20.02,148.23,66.99,88,40,5.82
397,Lagoa,PT,2020-06-27 19:12:12,39.05,-27.98,67.19,96,100,13.89
398,Kombissiri,BF,2020-06-27 19:12:12,12.07,-1.34,95.0,47,20,6.93
399,Khorixas,NA,2020-06-27 19:12:12,-20.37,14.97,58.01,32,0,6.26
400,Wagar,SD,2020-06-27 19:12:12,16.15,36.2,94.26,31,85,19.26
401,Salinopolis,BR,2020-06-27 19:12:13,-0.61,-47.36,83.23,76,2,8.66
402,Raudeberg,NO,2020-06-27 19:12:13,61.99,5.14,78.8,47,86,1.12
403,Tiarei,PF,2020-06-27 19:12:13,-17.53,-149.33,80.6,65,75,1.12
404,Port Hardy,CA,2020-06-27 19:12:13,50.7,-127.42,59.0,77,75,13.87
405,Kamsack,CA,2020-06-27 19:12:13,51.57,-101.9,86.0,37,1,11.41
406,Gari,RU,2020-06-27 19:12:14,59.43,62.35,50.83,90,97,4.99
407,Cradock,ZA,2020-06-27 19:12:14,-32.16,25.62,50.16,44,0,16.35
408,Mbuji-Mayi,CD,2020-06-27 19:12:14,-6.15,23.6,80.42,38,55,0.65
409,Buin,CL,2020-06-27 19:12:14,-33.73,-70.75,57.2,50,90,3.38
410,Irbeyskoye,RU,2020-06-27 19:12:14,55.64,95.45,62.89,92,100,1.39
411,Nelson Bay,AU,2020-06-27 19:12:15,-32.72,152.15,53.01,100,90,5.82
412,Emerald,AU,2020-06-27 19:11:04,-23.53,148.17,51.8,76,40,6.93
413,Nizwa,OM,2020-06-27 19:12:15,22.93,57.53,84.29,59,99,7.09
414,Caxito,AO,2020-06-27 19:12:15,-8.58,13.66,73.4,78,0,9.17
415,Hamilton,US,2020-06-27 19:07:50,39.18,-84.53,80.6,73,90,6.93
416,Cabedelo,BR,2020-06-27 19:12:14,-6.98,-34.83,80.6,78,20,12.75
417,Karratha,AU,2020-06-27 19:12:16,-20.74,116.85,66.49,33,0,4.92
418,Kununurra,AU,2020-06-27 19:12:16,-15.77,128.73,55.4,38,0,7.16
419,Nanakuli,US,2020-06-27 19:12:17,21.39,-158.15,82.4,58,75,6.93
420,Santa Maria,BR,2020-06-27 19:12:17,-29.68,-53.81,55.15,68,0,8.68
421,Syamzha,RU,2020-06-27 19:12:17,60.02,41.06,50.95,79,0,5.21
422,Santa Rosa,PH,2020-06-27 19:12:17,14.31,121.11,78.8,94,90,2.24
423,Manta,EC,2020-06-27 19:12:18,-0.95,-80.73,82.4,74,40,10.29
424,Zonguldak,TR,2020-06-27 19:12:18,41.25,31.83,57.65,85,0,1.7
425,Kurchum,KZ,2020-06-27 19:12:18,48.57,83.65,64.08,67,100,3.18
426,Yumbe,UG,2020-06-27 19:12:18,3.47,31.25,66.33,96,100,4.16
427,Khandyga,RU,2020-06-27 19:12:18,62.67,135.6,60.44,81,19,2.59
428,Akhmim,EG,2020-06-27 19:12:19,26.56,31.75,93.2,28,0,9.17
429,Kodinsk,RU,2020-06-27 19:07:36,58.69,99.18,65.61,55,0,5.57
430,Odweyne,SO,2020-06-27 19:12:19,9.41,45.06,79.39,47,100,19.73
431,Labuhan,ID,2020-06-27 19:12:13,-6.88,112.21,75.7,85,48,6.29
432,Saint-Georges,GD,2020-06-27 19:12:19,12.06,-61.75,84.2,79,75,20.8
433,Kismayo,SO,2020-06-27 19:12:20,-0.36,42.55,79.12,82,30,16.24
434,Abu Dhabi,AE,2020-06-27 19:11:18,24.47,54.37,93.2,75,0,6.93
435,Gorgan,IR,2020-06-27 19:12:20,36.84,54.43,73.4,69,20,6.93
436,Sergeyevka,KZ,2020-06-27 19:12:20,53.88,67.42,48.54,86,94,8.81
437,Surt,LY,2020-06-27 19:10:29,31.21,16.59,75.47,72,0,14.99
438,Belaya Gora,RU,2020-06-27 19:12:21,68.53,146.42,61.02,42,35,5.99
439,Denpasar,ID,2020-06-27 19:12:21,-8.65,115.22,78.8,100,40,5.82
440,Roald,NO,2020-06-27 19:12:22,62.58,6.13,73.4,56,0,16.11
441,Bay Roberts,CA,2020-06-27 19:12:19,47.6,-53.26,60.01,93,90,8.05
442,Brigantine,US,2020-06-27 19:12:22,39.41,-74.36,89.6,46,1,18.34
443,Kaeo,NZ,2020-06-27 19:12:22,-35.1,173.78,51.01,3,3,4.0
444,Flin Flon,CA,2020-06-27 19:12:13,54.77,-101.86,62.6,93,90,2.24
445,Comodoro Rivadavia,AR,2020-06-27 19:12:23,-45.87,-67.5,41.0,48,0,10.29
446,Achutupo,PA,2020-06-27 19:12:23,9.2,-77.98,84.27,80,83,7.34
447,Ternate,ID,2020-06-27 19:12:23,0.8,127.4,79.25,78,7,1.05
448,Hami,CN,2020-06-27 19:12:23,42.8,93.45,76.96,33,0,6.02
449,Guane,CU,2020-06-27 19:12:24,22.2,-84.09,90.99,54,0,12.35
450,Lisakovsk,KZ,2020-06-27 19:12:24,52.54,62.49,53.65,57,42,9.24
451,Kungurtug,RU,2020-06-27 19:12:24,50.6,97.52,50.43,72,0,1.41
452,Kabinda,CD,2020-06-27 19:12:24,-6.13,24.48,74.16,46,43,0.22
453,Tashtyp,RU,2020-06-27 19:12:25,52.79,89.9,58.77,86,90,3.91
454,Cabo San Lucas,MX,2020-06-27 19:08:52,22.89,-109.91,87.8,62,75,12.75
455,Saint-Augustin,CA,2020-06-27 19:12:25,51.23,-58.65,61.29,67,100,11.07
456,Tucurui,BR,2020-06-27 19:12:25,-3.77,-49.67,88.27,55,10,3.22
457,Sandwick,GB,2020-06-27 19:12:26,60.0,-1.25,57.2,100,100,14.99
458,Luanda,AO,2020-06-27 19:12:26,-8.84,13.23,73.4,78,0,9.17
459,Roebourne,AU,2020-06-27 19:12:26,-20.78,117.13,66.63,33,0,4.47
460,Nyurba,RU,2020-06-27 19:12:27,63.28,118.33,60.15,85,17,0.69
461,Campbeltown,GB,2020-06-27 19:12:27,55.43,-5.61,53.6,100,75,16.11
462,Melfi,IT,2020-06-27 19:12:27,41.0,15.65,78.8,61,20,11.41
463,Parry Sound,CA,2020-06-27 19:12:27,45.35,-80.03,69.01,85,92,1.01
464,Chicama,PE,2020-06-27 19:12:13,-7.84,-79.15,75.16,54,3,9.89
465,Tjome,NO,2020-06-27 19:12:28,59.11,10.39,77.0,50,11,6.93
466,Kalmunai,LK,2020-06-27 19:12:28,7.42,81.82,81.32,79,35,3.18
467,Sao Filipe,CV,2020-06-27 19:11:49,14.9,-24.5,74.37,82,2,9.86
468,Inta,RU,2020-06-27 19:12:28,66.03,60.17,43.81,82,100,6.31
469,Akyab,MM,2020-06-27 19:12:29,20.15,92.9,82.15,80,97,2.21
470,Marawi,PH,2020-06-27 19:07:52,8.0,124.29,73.99,95,81,5.01
471,Nemuro,JP,2020-06-27 19:07:43,43.32,145.57,50.34,97,100,15.86
472,Andenes,NO,2020-06-27 19:12:29,69.31,16.12,48.2,87,97,26.4
473,Namibe,AO,2020-06-27 19:12:29,-15.2,12.15,65.43,80,0,4.05
474,Kirakira,SB,2020-06-27 19:12:30,-10.45,161.92,78.6,83,95,7.31
475,Bom Despacho,BR,2020-06-27 19:12:30,-19.74,-45.25,76.95,50,72,4.72
476,Katobu,ID,2020-06-27 19:12:30,-4.94,122.53,72.5,91,91,2.08
477,Twin Falls,US,2020-06-27 19:12:30,42.56,-114.46,82.4,32,1,12.75
478,Slave Lake,CA,2020-06-27 19:12:31,55.28,-114.77,55.4,87,90,14.99
479,Marsh Harbour,BS,2020-06-27 19:12:31,26.54,-77.06,83.59,68,0,8.55
480,Hargeysa,SO,2020-06-27 19:12:31,9.56,44.06,75.83,52,92,24.43
481,Rawicz,PL,2020-06-27 19:12:31,51.61,16.86,79.0,56,27,7.99
482,Sur,OM,2020-06-27 19:12:31,22.57,59.53,85.08,72,61,17.52
483,Preobrazheniye,RU,2020-06-27 19:12:32,42.9,133.91,55.9,92,99,2.59
484,Srednekolymsk,RU,2020-06-27 19:12:32,67.45,153.68,47.08,51,28,13.73
485,Iracoubo,GF,2020-06-27 19:12:32,5.48,-53.2,82.8,74,96,7.9
486,Lerwick,GB,2020-06-27 19:12:32,60.15,-1.15,57.2,100,100,14.99
487,Aykhal,RU,2020-06-27 19:12:32,66.0,111.5,64.4,59,88,4.47
488,Newcastleton,GB,2020-06-27 19:12:33,55.18,-2.81,57.2,93,100,12.75
489,Atbasar,KZ,2020-06-27 19:12:33,51.8,68.33,50.81,76,100,9.22
490,Gravdal,NO,2020-06-27 19:12:33,68.12,13.5,55.71,71,43,15.97
491,Palana,RU,2020-06-27 19:12:34,59.12,159.97,46.87,71,0,16.55
492,Bati,ET,2020-06-27 19:12:34,11.18,40.02,80.64,26,100,5.95
493,Abu Zabad,SD,2020-06-27 19:12:34,12.35,29.25,84.29,43,5,8.55
494,Novokruchininskiy,RU,2020-06-27 19:12:34,51.78,113.77,57.2,71,72,4.47
495,Nishihara,JP,2020-06-27 19:12:34,26.18,127.76,82.4,88,75,13.87
496,Ngaoundere,CM,2020-06-27 19:12:35,7.32,13.58,67.5,92,100,1.59
497,Ornskoldsvik,SE,2020-06-27 19:07:39,63.29,18.72,60.8,48,0,8.05
498,Tumpat,MY,2020-06-27 19:12:35,6.2,102.17,78.8,94,20,3.74
499,Beysehir,TR,2020-06-27 19:12:35,37.68,31.72,66.94,46,0,7.45
500,Abha,SA,2020-06-27 19:08:00,18.22,42.51,82.4,13,100,11.41
501,Saint George,US,2020-06-27 19:12:36,37.1,-113.58,96.8,11,1,9.17
502,Harer,ET,2020-06-27 19:12:36,9.31,42.13,62.31,85,99,5.3
503,Samarai,PG,2020-06-27 19:12:36,-10.62,150.67,78.22,84,100,17.18
504,Altdorf,DE,2020-06-27 19:12:36,49.39,11.36,75.2,69,20,6.93
505,Sorland,NO,2020-06-27 19:12:37,67.67,12.69,54.84,76,48,18.88
506,Rio Gallegos,AR,2020-06-27 19:12:37,-51.62,-69.22,37.4,74,0,8.05
507,Port-Gentil,GA,2020-06-27 19:12:37,-0.72,8.78,75.2,88,40,10.29
508,Uvat,RU,2020-06-27 19:12:37,59.14,68.9,46.35,80,93,5.06
509,Los Alamos,US,2020-06-27 19:12:37,35.89,-106.31,82.99,8,1,12.75
510,Makubetsu,JP,2020-06-27 19:12:38,45.37,141.82,55.4,95,100,20.04
511,Gornopravdinsk,RU,2020-06-27 19:12:38,60.05,69.9,48.2,86,100,4.99
512,Djambala,CG,2020-06-27 19:12:38,-2.54,14.75,76.15,58,52,4.9
513,Shaoyang,CN,2020-06-27 19:12:38,27.23,111.45,76.55,88,100,3.96
514,San Quintin,MX,2020-06-27 19:12:39,30.48,-115.95,70.84,67,5,10.29
515,Bressuire,FR,2020-06-27 19:12:39,46.92,-0.5,66.99,83,100,7.0
516,Perevolotskiy,RU,2020-06-27 19:12:39,51.88,54.19,61.72,91,100,10.69
517,Hecelchakan,MX,2020-06-27 19:12:39,20.17,-90.13,91.4,52,20,13.87
518,Lompoc,US,2020-06-27 19:10:08,34.64,-120.46,68.0,72,11,8.05
519,Houma,US,2020-06-27 19:09:28,29.6,-90.72,88.0,83,75,9.17
520,West Wendover,US,2020-06-27 19:12:40,40.74,-114.07,91.4,16,1,8.05
521,Marovoay,MG,2020-06-27 19:12:40,-16.1,46.63,73.4,88,0,1.12
522,Okha,RU,2020-06-27 19:12:40,53.57,142.95,46.98,96,88,3.96
523,Vanimo,PG,2020-06-27 19:12:40,-2.67,141.3,78.12,86,100,4.16
524,Hulan,CN,2020-06-27 19:12:41,45.98,126.6,69.01,85,100,1.95
525,Lasa,IT,2020-06-27 19:12:41,46.62,10.7,64.4,63,75,5.82
526,Terney,RU,2020-06-27 19:12:41,45.05,136.61,55.78,88,100,4.34
527,Polyarnyy,RU,2020-06-27 19:12:41,69.2,33.45,44.6,87,75,6.71
528,Todos Santos,MX,2020-06-27 19:12:42,23.45,-110.22,82.0,65,100,3.0
529,Tura,IN,2020-06-27 19:12:42,25.52,90.22,74.19,97,99,9.08
530,Laela,TZ,2020-06-27 19:09:05,-8.57,32.05,66.34,54,77,4.72
531,Gat,IL,2020-06-27 19:11:04,31.61,34.76,79.0,75,0,4.43
532,Brainerd,US,2020-06-27 19:11:52,46.36,-94.2,84.2,37,20,5.82
533,Desbiens,CA,2020-06-27 19:09:10,48.42,-71.95,69.8,77,90,8.05
534,Narrabri,AU,2020-06-27 19:12:43,-30.32,149.78,44.6,81,0,13.87
535,Aiquile,BO,2020-06-27 19:12:43,-18.2,-65.18,72.07,26,0,8.68
536,Voznesenskoye,RU,2020-06-27 19:12:43,54.89,42.76,64.71,91,1,9.69
537,Yulara,AU,2020-06-27 19:12:43,-25.24,130.99,42.8,48,0,6.93
538,Sioux Lookout,CA,2020-06-27 19:12:44,50.1,-91.92,80.6,47,20,4.7
539,Ardakan,IR,2020-06-27 19:12:44,32.31,54.02,87.8,22,0,6.93
540,Noyabrsk,RU,2020-06-27 19:12:15,63.2,75.45,51.42,82,100,11.43
541,Los Barrios,ES,2020-06-27 19:12:45,36.18,-5.49,78.8,61,36,14.99
542,Amos,CA,2020-06-27 19:12:07,48.57,-78.12,68.0,88,90,5.82
543,Vila Velha,BR,2020-06-27 19:12:26,-20.33,-40.29,81.0,74,40,12.75
544,Tecoanapa,MX,2020-06-27 19:12:45,16.52,-98.75,86.77,67,4,10.71
545,Tramandai,BR,2020-06-27 19:12:46,-29.98,-50.13,55.24,77,100,2.33
546,Saint Marys,US,2020-06-27 19:12:46,30.73,-81.55,93.0,70,1,6.93
547,Lagos,NG,2020-06-27 19:12:46,6.58,3.75,80.6,88,40,11.41
548,Kitgum,UG,2020-06-27 19:09:05,3.28,32.89,67.26,91,53,1.19
549,Arroyo,ES,2020-06-27 19:12:46,41.61,-4.8,80.01,44,0,10.29
550,San Jeronimo,PE,2020-06-27 19:12:47,-11.95,-75.28,63.5,30,80,2.39
551,Deputatskiy,RU,2020-06-27 19:07:49,69.3,139.9,59.95,54,100,4.52
552,Hobbs,US,2020-06-27 19:12:47,32.7,-103.14,87.8,38,5,16.11
553,Nouadhibou,MR,2020-06-27 19:12:47,20.93,-17.03,73.4,69,82,20.8
554,Kamenka,RU,2020-06-27 19:12:47,51.32,42.77,69.01,64,0,6.98
555,Ocos,GT,2020-06-27 19:12:48,14.51,-92.19,91.4,70,20,11.41
556,Makinsk,KZ,2020-06-27 19:12:48,52.63,70.42,48.92,88,100,10.89
557,Alta Floresta,BR,2020-06-27 19:12:48,-9.88,-56.09,90.1,32,0,3.76
558,Sao Joao Da Barra,BR,2020-06-27 19:12:48,-21.64,-41.05,80.6,57,0,13.87
559,Monopoli,IT,2020-06-27 19:12:48,40.96,17.29,82.99,38,5,3.36
560,Paoua,CF,2020-06-27 19:12:49,7.24,16.44,75.38,77,100,5.7
561,Dessalines,HT,2020-06-27 19:12:49,19.28,-72.5,87.8,70,75,11.41
562,Seoul,KR,2020-06-27 19:10:48,37.57,126.98,71.6,100,75,4.7
563,Pokhara,NP,2020-06-27 19:12:49,28.23,83.98,73.47,78,100,1.99
564,Daru,PG,2020-06-27 19:12:44,-9.08,143.21,77.74,85,100,17.67
565,Lat Yao,TH,2020-06-27 19:12:50,15.75,99.79,79.52,78,100,1.63
566,Banjar,ID,2020-06-27 19:12:50,-8.19,114.97,78.8,100,40,5.82
567,Vredendal,ZA,2020-06-27 19:12:50,-31.67,18.5,57.24,84,76,17.67
568,Coihaique,CL,2020-06-27 19:12:50,-45.58,-72.07,33.8,59,75,5.82
569,Camapua,BR,2020-06-27 19:12:51,-19.53,-54.04,73.85,73,89,6.13
570,Ketchikan,US,2020-06-27 19:12:51,55.34,-131.65,55.4,87,90,5.82
571,Toyooka,JP,2020-06-27 19:12:51,35.53,134.83,68.85,91,100,2.59
572,Zarubino,RU,2020-06-27 19:12:51,42.63,131.09,57.33,98,100,8.32
573,Hingoli,IN,2020-06-27 19:12:51,19.72,77.15,82.78,70,74,3.13
574,Hualmay,PE,2020-06-27 19:12:52,-11.1,-77.61,68.81,65,81,9.44
575,Baykit,RU,2020-06-27 19:12:52,61.67,96.37,63.81,57,100,3.71
576,Darnah,LY,2020-06-27 19:12:52,32.77,22.64,74.77,71,0,20.51
577,Betare Oya,CM,2020-06-27 19:12:52,5.6,14.08,68.32,94,100,0.85
578,Aneho,TG,2020-06-27 19:12:53,6.23,1.6,80.6,83,20,13.87
579,Changli,CN,2020-06-27 19:12:53,39.7,119.15,69.48,70,0,3.29
580,Pokosnoye,RU,2020-06-27 19:12:53,55.53,101.05,59.49,91,100,3.98
581,Tynda,RU,2020-06-27 19:12:53,55.17,124.72,50.65,89,88,2.28
